date,time,trade_section,signals,processed_at,fixed_signals
11/11/2024,15:51,"**- **Bitcoin (BTC):** Long, Leverage x20- **Ethereum (ETH):** Long, Leverage x20- **TON (TONUSDT):** Long, Leverage x10- **FTM (FTMUSDT):** Short, Leverage x10- **STX (STXUSDT):** Short, Leverage x10- **TRX (TRXUSDT):** Short, Leverage x10⚠️ **",BTC:LONG:20;ETH:LONG:20;TON:LONG:20;FTM:LONG:10;STX:SHORT:10;TRX:SHORT:10,2024-11-30 18:09:20 UTC,BTC:LONG:20;ETH:LONG:20;TON:LONG:10;FTM:SHORT:10;STX:SHORT:10;TRX:SHORT:10
11/11/2024,20:31,1. ADA - Long - x102. DOGE - Long - x103. BTC - Long - x204. AVAX - Short - x155. SUI - Short - x106. ICP - Short - x15⚠️,ADA:LONG:1;DOGE:LONG:1;BTC:LONG:10;AVAX:LONG:10;SUI:LONG:20;ICP:SHORT:15,2024-11-30 18:09:20 UTC,ADA:LONG:10;DOGE:LONG:10;BTC:LONG:20;AVAX:SHORT:15;SUI:SHORT:10;ICP:SHORT:15
11/11/2024,23:31,1. UNIUSDT - Long x102. BTCUSDT - Long x203. ETHUSDT - Long x204. DOGEUSDT - Short x105. SOLUSDT - Short x106. SUIUSDT - Short x10⚠️,UNI:LONG:1;BTC:LONG:1;ETH:LONG:10;DOGE:LONG:20;SOL:LONG:20;SUI:SHORT:10,2024-11-30 18:09:20 UTC,UNI:LONG:10;BTC:LONG:20;ETH:LONG:20;DOGE:SHORT:10;SOL:SHORT:10;SUI:SHORT:10
12/11/2024,02:31,1. UNI - Long x102. TON - Long x153. DOGE - Long x104. GRT - Short x105. SOL - Short x106. FTM - Short x10⚠️,UNI:LONG:1;TON:LONG:1;DOGE:LONG:10;GRT:LONG:15;SOL:LONG:10;FTM:SHORT:10,2024-11-30 18:09:20 UTC,UNI:LONG:10;TON:LONG:15;DOGE:LONG:10;GRT:SHORT:10;SOL:SHORT:10;FTM:SHORT:10
12/11/2024,05:31,"**  - **BTCUSDT - Long, Leverage: x20**  - **ETHUSDT - Long, Leverage: x20**  - **SOLUSDT - Long, Leverage: x15**  - **ADAUSDT - Short, Leverage: x10**  - **ICPUSDT - Short, Leverage: x10**  - **UNIUSDT - Short, Leverage: x10**  ⚠️ **",BTC:LONG:20;ETH:LONG:20;SOL:LONG:20;ADA:LONG:20;ICP:SHORT:15;UNI:SHORT:10,2024-11-30 18:09:20 UTC,BTC:LONG:20;ETH:LONG:20;SOL:LONG:15;ADA:SHORT:10;ICP:SHORT:10;UNI:SHORT:10
12/11/2024,08:31,1. TONUSDT - Long x102. TRXUSDT - Long x103. BNBUSDT - Long x154. 1000SHIBUSDT - Short x105. DOGEUSDT - Short x106. XRPUSDT - Short x10⚠️,TON:LONG:1;TRX:LONG:1;BNB:LONG:10;1000SHIB:LONG:10;DOGE:LONG:15;XRP:SHORT:10,2024-11-30 18:09:20 UTC,TON:LONG:10;TRX:LONG:10;BNB:LONG:15;1000SHIB:SHORT:10;DOGE:SHORT:10;XRP:SHORT:10
12/11/2024,11:31,1. BNB - Long x152. TON - Long x103. DOGE - Long x104. GRT - Short x155. FTM - Short x106. STX - Short x10⚠️,BNB:LONG:1;TON:LONG:1;DOGE:LONG:15;GRT:LONG:10;FTM:LONG:10;STX:SHORT:15,2024-11-30 18:09:20 UTC,BNB:LONG:15;TON:LONG:10;DOGE:LONG:10;GRT:SHORT:15;FTM:SHORT:10;STX:SHORT:10
19/11/2024,14:31,"**1. BTC - Long, Leverage x202. ETH - Long, Leverage x203. DOGE - Long, Leverage x104. GRT - Short, Leverage x105. ADA - Short, Leverage x106. LINK - Short, Leverage x10⚠️ **",BTC:LONG:1;ETH:LONG:1;DOGE:LONG:20;GRT:LONG:20;ADA:SHORT:10,2024-11-30 18:09:20 UTC,BTC:LONG:20;ETH:LONG:20;DOGE:LONG:10;GRT:SHORT:10;ADA:SHORT:10;LINK:SHORT:10
19/11/2024,17:31,**1. Long XRP - Leverage x102. Long GRT - Leverage x103. Long ADA - Leverage x154. Short TRX - Leverage x105. Short ICP - Leverage x156. Short SUI - Leverage x10⚠️ **,XRP:LONG:1;GRT:LONG:10;ADA:LONG:10;TRX:LONG:15;ICP:SHORT:10;SUI:SHORT:15,2024-11-30 18:09:20 UTC,XRP:LONG:10;GRT:LONG:10;ADA:LONG:15;TRX:SHORT:10;ICP:SHORT:15;SUI:SHORT:10
19/11/2024,20:31,"**- **BTC**: Long, x20 leverage- **ETH**: Short, x20 leverage- **DOGE**: Long, x10 leverage- **SUI**: Short, x10 leverage- **TRX**: Long, x15 leverage- **XRP**: Short, x10 leverage⚠️ **",BTC:LONG:20;ETH:LONG:20;DOGE:SHORT:20;SUI:LONG:10;TRX:SHORT:10;XRP:LONG:15,2024-11-30 18:09:20 UTC,BTC:LONG:20;ETH:SHORT:20;DOGE:LONG:10;SUI:SHORT:10;TRX:LONG:15;XRP:SHORT:10
19/11/2024,23:31,**1. **ETH - Long x20**2. **SUI - Long x10**3. **TRX - Long x10**4. **XRP - Short x15**5. **ADA - Short x10**6. **GRT - Short x10**---⚠️ **,ETH:LONG:1;SUI:LONG:1;TRX:LONG:20;XRP:LONG:10;ADA:LONG:10;GRT:SHORT:15,2024-11-30 18:09:20 UTC,ETH:LONG:20;SUI:LONG:10;TRX:LONG:10;XRP:SHORT:15;ADA:SHORT:10;GRT:SHORT:10
20/11/2024,02:31,**1. **BTC - Long x20**2. **ETH - Long x20**3. **FTM - Long x10**4. **SUI - Short x10**5. **ICP - Short x10**6. **ADA - Short x10**⚠️ **,BTC:LONG:1;ETH:LONG:1;FTM:LONG:20;SUI:LONG:20;ICP:LONG:10;ADA:SHORT:10,2024-11-30 18:09:20 UTC,BTC:LONG:20;ETH:LONG:20;FTM:LONG:10;SUI:SHORT:10;ICP:SHORT:10;ADA:SHORT:10
20/11/2024,05:31,**1. Bitcoin (BTC) - Long x202. Ethereum (ETH) - Long x203. Avalanche (AVAX) - Long x154. Dogecoin (DOGE) - Short x105. Tron (TRX) - Short x106. Toncoin (TON) - Short x10⚠️ **,BTC:LONG:1;ETH:LONG:1;ETH:LONG:20;AVAX:LONG:20;DOGE:LONG:20;DOGE:LONG:15;TRX:SHORT:15;TRX:SHORT:10;TON:SHORT:10;TON:SHORT:10,2024-11-30 18:09:20 UTC,BTC:LONG:20;ETH:LONG:20;AVAX:LONG:15;DOGE:SHORT:10;TRX:SHORT:10;TON:SHORT:10
20/11/2024,08:31,- Long TONUSDT x10- Long SOLUSDT x15- Long TAOUSDT x10- Short XRPUSDT x10- Short ADAUSDT x10- Short LINKUSDT x10⚠️,TON:LONG:10;SOL:LONG:10;TAO:LONG:10;XRP:LONG:15;ADA:SHORT:10,2024-11-30 18:09:20 UTC,TON:LONG:10;SOL:LONG:15;TAO:LONG:10;XRP:SHORT:10;ADA:SHORT:10;LINK:SHORT:10
20/11/2024,11:31,"**1. BTC - Long, Leverage: x202. XRP - Long, Leverage: x153. DOGE - Long, Leverage: x104. LINK - Short, Leverage: x105. AVAX - Short, Leverage: x156. UNI - Short, Leverage: x10⚠️ **",BTC:LONG:1;XRP:LONG:1;DOGE:LONG:20;AVAX:SHORT:10;UNI:SHORT:10,2024-11-30 18:09:20 UTC,BTC:LONG:20;XRP:LONG:15;DOGE:LONG:10;LINK:SHORT:10;AVAX:SHORT:15;UNI:SHORT:10
20/11/2024,15:59,1. BTC - Long x202. ETH - Long x203. TON - Long x154. ADA - Short x105. STX - Short x106. XRP - Short x10⚠️,BTC:LONG:1;ETH:LONG:1;TON:LONG:20;ADA:LONG:20;STX:LONG:15;XRP:SHORT:10,2024-11-30 18:09:20 UTC,BTC:LONG:20;ETH:LONG:20;TON:LONG:15;ADA:SHORT:10;STX:SHORT:10;XRP:SHORT:10
20/11/2024,19:10,**1. AVAX - Long - x10  2. ADA - Long - x15  3. XRP - Long - x15  4. SHIB - Short - x10  5. DOGE - Short - x10  6. SOL - Short - x10⚠️ **,AVAX:LONG:1;ADA:LONG:1;XRP:LONG:2;1000SHIB:LONG:3;DOGE:SHORT:4;SOL:SHORT:5,2024-11-30 18:09:20 UTC,AVAX:LONG:10;ADA:LONG:15;XRP:LONG:15;SHIB:SHORT:10;DOGE:SHORT:10;SOL:SHORT:10
20/11/2024,22:10,- Long BTC x20- Long ETH x20- Long BNB x15- Short ADA x10- Short XRP x10- Short DOGE x10⚠️,BTC:LONG:20;ETH:LONG:20;BNB:LONG:20;ADA:LONG:20;XRP:SHORT:15;DOGE:SHORT:10,2024-11-30 18:09:20 UTC,BTC:LONG:20;ETH:LONG:20;BNB:LONG:15;ADA:SHORT:10;XRP:SHORT:10;DOGE:SHORT:10
21/11/2024,01:10,**- **Long Trades:**    - BTC - Long x20    - ETH - Long x20    - ADA - Long x15  - **Short Trades:**    - XRP - Short x10    - DOGE - Short x10    - SUI - Short x10  ⚠️ **,BTC:LONG:20;ETH:LONG:20;ADA:LONG:20;XRP:LONG:15;DOGE:SHORT:10;SUI:SHORT:10,2024-11-30 18:09:20 UTC,BTC:LONG:20;ETH:LONG:20;ADA:LONG:15;XRP:SHORT:10;DOGE:SHORT:10;SUI:SHORT:10
21/11/2024,04:10,**1. **TAO - Long** - Leverage x102. **SOL - Long** - Leverage x153. **AVAX - Long** - Leverage x154. **SUI - Short** - Leverage x105. **STX - Short** - Leverage x106. **LINK - Short** - Leverage x10---⚠️ **,TAO:LONG:1;SOL:LONG:1;AVAX:LONG:10;SUI:LONG:15;STX:SHORT:15,2024-11-30 18:09:20 UTC,TAO:LONG:10;SOL:LONG:15;AVAX:LONG:15;SUI:SHORT:10;STX:SHORT:10;LINK:SHORT:10
21/11/2024,07:10,Long:1. BTC - Leverage x202. ETH - Leverage x203. ADA - Leverage x10Short:1. SUI - Leverage x102. ICP - Leverage x153. STX - Leverage x10⚠️,BTC:LONG:1;ETH:LONG:1,2024-11-30 18:09:20 UTC,BTC:LONG:20;ETH:LONG:20;ADA:LONG:10;SUI:SHORT:10;ICP:SHORT:15;STX:SHORT:10
21/11/2024,10:10,**1. ETH - Long - x202. TAO - Long - x153. SUI - Long - x104. ADA - Short - x105. XRP - Short - x106. TRX - Short - x10---⚠️ **,ETH:LONG:1;TAO:LONG:1;SUI:LONG:20;ADA:LONG:15;XRP:LONG:10;TRX:SHORT:10,2024-11-30 18:09:20 UTC,ETH:LONG:20;TAO:LONG:15;SUI:LONG:10;ADA:SHORT:10;XRP:SHORT:10;TRX:SHORT:10
21/11/2024,13:10,**1. **Long TONUSDT - x10** - High bullish sentiment.2. **Short AVAXUSDT - x10** - High bearish sentiment.3. **Long FTMUSDT - x15** - Strong upward potential.4. **Short XRPUSDT - x10** - Significant potential to drop.5. **Long ADAUSDT - x15** - Positive outlook.6. **Short SOLUSDT - x10** - Vulnerable to declines.⚠️ **,TON:LONG:1;AVAX:SHORT:2;FTM:LONG:3;XRP:SHORT:4;ADA:LONG:5;SOL:SHORT:15,2024-11-30 18:09:20 UTC,TON:LONG:10;AVAX:SHORT:10;FTM:LONG:15;XRP:SHORT:10;ADA:LONG:15;SOL:SHORT:10
21/11/2024,16:10,**  1. **Long BTC** - Leverage x20  2. **Long ETH** - Leverage x20  3. **Long AVAX** - Leverage x10  4. **Short SOL** - Leverage x10  5. **Short ADA** - Leverage x10  6. **Short SUI** - Leverage x10  ---⚠️ **,BTC:LONG:1;ETH:LONG:20;AVAX:LONG:20;SOL:SHORT:10;ADA:SHORT:10;SUI:SHORT:10,2024-11-30 18:09:20 UTC,BTC:LONG:20;ETH:LONG:20;AVAX:LONG:10;SOL:SHORT:10;ADA:SHORT:10;SUI:SHORT:10
21/11/2024,19:10,- Long ETH x20- Long ADA x15- Long XRP x15- Short TRX x10- Short GRT x10- Short SHIB x10⚠️,ETH:LONG:20;ADA:LONG:20;XRP:LONG:20;TRX:LONG:15;GRT:SHORT:15;1000SHIB:SHORT:10,2024-11-30 18:09:20 UTC,ETH:LONG:20;ADA:LONG:15;XRP:LONG:15;TRX:SHORT:10;GRT:SHORT:10;SHIB:SHORT:10
21/11/2024,22:10,"**1. **BTC - Long, x20 Leverage**2. **ETH - Long, x20 Leverage**3. **AVAX - Long, x15 Leverage**4. **TRX - Short, x10 Leverage**5. **BNB - Short, x10 Leverage**6. **SOL - Short, x10 Leverage**---⚠️ **",BTC:LONG:1;ETH:LONG:1;AVAX:LONG:2;TRX:LONG:3;BNB:SHORT:4;SOL:SHORT:5,2024-11-30 18:09:20 UTC,BTC:LONG:20;ETH:LONG:20;AVAX:LONG:15;TRX:SHORT:10;BNB:SHORT:10;SOL:SHORT:10
22/11/2024,01:10,"1. BTC - Long, x202. ETH - Long, x203. XRP - Long, x104. BNB - Short, x105. SOL - Short, x106. FTM - Short, x10⚠️",BTC:LONG:1;ETH:LONG:1;XRP:LONG:20;BNB:LONG:20;SOL:LONG:10;FTM:SHORT:10,2024-11-30 18:09:20 UTC,BTC:LONG:20;ETH:LONG:20;XRP:LONG:10;BNB:SHORT:10;SOL:SHORT:10;FTM:SHORT:10
22/11/2024,04:10,1. Long Bitcoin (BTC) - Leverage x202. Long Ethereum (ETH) - Leverage x203. Long TAO (TAO) - Leverage x154. Short SUI (SUI) - Leverage x105. Short XRP (XRP) - Leverage x106. Short ADA (ADA) - Leverage x10⚠️,BTC:LONG:1;ETH:LONG:20;TAO:LONG:20;SUI:SHORT:15;XRP:SHORT:10;ADA:SHORT:10,2024-11-30 18:09:20 UTC,BTC:LONG:20;ETH:LONG:20;TAO:LONG:15;SUI:SHORT:10;XRP:SHORT:10;ADA:SHORT:10
22/11/2024,07:10,"**- **Long**: BNB x15, XRP x15, TRX x10- **Short**: SHIB x10, DOGE x10, SOL x10⚠️ **",BNB:LONG:15;XRP:LONG:15;TRX:LONG:15;1000SHIB:SHORT:15;DOGE:SHORT:10;SOL:SHORT:100,2024-11-30 18:09:20 UTC,BNB:LONG:15;XRP:LONG:15;TRX:LONG:10;SHIB:SHORT:10;DOGE:SHORT:10;SOL:SHORT:10
22/11/2024,10:10,"1. DOGE - Long, x102. ICP - Long, x103. UNI - Long, x104. ADA - Short, x155. XRP - Short, x156. AVAX - Short, x15⚠️",DOGE:LONG:1;ICP:LONG:1;UNI:LONG:10;ADA:LONG:10;XRP:LONG:10;AVAX:SHORT:15,2024-11-30 18:09:20 UTC,DOGE:LONG:10;ICP:LONG:10;UNI:LONG:10;ADA:SHORT:15;XRP:SHORT:15;AVAX:SHORT:15
22/11/2024,13:10,"1. ADAUSDT - Long, x102. XRPUSDT - Long, x153. TRXUSDT - Long, x104. STXUSDT - Short, x105. TONUSDT - Short, x156. SUIUSDT - Short, x10⚠️",ADA:LONG:1;XRP:LONG:1;TRX:LONG:10;STX:LONG:15;TON:LONG:10;SUI:SHORT:10,2024-11-30 18:09:20 UTC,ADA:LONG:10;XRP:LONG:15;TRX:LONG:10;STX:SHORT:10;TON:SHORT:15;SUI:SHORT:10
22/11/2024,16:10,**- BTC Long x20- ETH Long x20- FTM Short x10- DOGE Short x10- GRT Long x10- XRP Short x10⚠️ **,BTC:LONG:20;ETH:LONG:20;FTM:LONG:20;DOGE:LONG:20;GRT:SHORT:10;XRP:SHORT:10,2024-11-30 18:09:20 UTC,BTC:LONG:20;ETH:LONG:20;FTM:SHORT:10;DOGE:SHORT:10;GRT:LONG:10;XRP:SHORT:10
22/11/2024,19:10,- Long BTC x20- Long ADA x15- Long AVAX x15- Short TON x10- Short SUI x10- Short LINK x10⚠️,BTC:LONG:20;ADA:LONG:20;AVAX:LONG:20;TON:LONG:15;SUI:SHORT:15,2024-11-30 18:09:20 UTC,BTC:LONG:20;ADA:LONG:15;AVAX:LONG:15;TON:SHORT:10;SUI:SHORT:10;LINK:SHORT:10
22/11/2024,22:10,"**- **BTC**: Long, x20 Leverage- **ETH**: Long, x20 Leverage- **SOL**: Long, x15 Leverage- **DOGE**: Short, x10 Leverage- **TON**: Short, x15 Leverage- **XRP**: Short, x10 Leverage⚠️ **",BTC:LONG:20;ETH:LONG:20;SOL:LONG:20;DOGE:LONG:15;TON:SHORT:10;XRP:SHORT:15,2024-11-30 18:09:20 UTC,BTC:LONG:20;ETH:LONG:20;SOL:LONG:15;DOGE:SHORT:10;TON:SHORT:15;XRP:SHORT:10
23/11/2024,01:10,"- Long: DOGE, Leverage x10- Long: SOL, Leverage x10- Long: ETH, Leverage x20- Short: ADA, Leverage x10- Short: XRP, Leverage x10- Short: LINK, Leverage x15⚠️",DOGE:LONG:10;SOL:LONG:10;ETH:LONG:10;ADA:LONG:20;XRP:SHORT:10,2024-11-30 18:09:20 UTC,DOGE:LONG:10;SOL:LONG:10;ETH:LONG:20;ADA:SHORT:10;XRP:SHORT:10;LINK:SHORT:15
23/11/2024,04:10,1. ADA - Long x102. FTM - Long x103. BTC - Long x204. DOGE - Short x105. LTC - Short x106. SOL - Short x10⚠️,ADA:LONG:1;FTM:LONG:1;BTC:LONG:10;DOGE:LONG:10;LTC:LONG:20;SOL:SHORT:10,2024-11-30 18:09:20 UTC,ADA:LONG:10;FTM:LONG:10;BTC:LONG:20;DOGE:SHORT:10;LTC:SHORT:10;SOL:SHORT:10
23/11/2024,07:10,"- BTC: Long, x20- ETH: Long, x20- TRX: Long, x15- ADA: Short, x10- LTC: Short, x10- UNI: Short, x10⚠️",BTC:LONG:20;ETH:LONG:20;TRX:LONG:20;ADA:LONG:20;LTC:LONG:15;UNI:SHORT:10,2024-11-30 18:09:20 UTC,BTC:LONG:20;ETH:LONG:20;TRX:LONG:15;ADA:SHORT:10;LTC:SHORT:10;UNI:SHORT:10
23/11/2024,10:10,- Long BTC x20- Long ADA x10- Long SOL x10- Short LINK x15- Short AVAX x15- Short UNI x10⚠️,BTC:LONG:20;ADA:LONG:20;SOL:LONG:20;AVAX:SHORT:10;UNI:SHORT:15,2024-11-30 18:09:20 UTC,BTC:LONG:20;ADA:LONG:10;SOL:LONG:10;LINK:SHORT:15;AVAX:SHORT:15;UNI:SHORT:10
23/11/2024,13:10,1. Long TON x102. Long LTC x103. Long LINK x104. Short SOL x155. Short TRX x156. Short UNI x15⚠️,TON:LONG:1;LTC:LONG:1;SOL:LONG:10;TRX:SHORT:10;UNI:SHORT:15,2024-11-30 18:09:20 UTC,TON:LONG:10;LTC:LONG:10;LINK:LONG:10;SOL:SHORT:15;TRX:SHORT:15;UNI:SHORT:15
23/11/2024,16:10,**1. LINK - Long x15  2. TAO - Long x15  3. FTM - Long x20  4. UNI - Short x10  5. ADA - Short x10  6. ICP - Short x15⚠️ **,TAO:LONG:1;FTM:LONG:2;UNI:LONG:3;ADA:SHORT:4;ICP:SHORT:5,2024-11-30 18:09:20 UTC,LINK:LONG:15;TAO:LONG:15;FTM:LONG:20;UNI:SHORT:10;ADA:SHORT:10;ICP:SHORT:15
23/11/2024,19:10,1. BTC - Long x202. ETH - Long x203. ADA - Long x154. AVAX - Short x105. LINK - Short x106. XRP - Short x10⚠️,BTC:LONG:1;ETH:LONG:1;ADA:LONG:20;AVAX:LONG:20;XRP:SHORT:10,2024-11-30 18:09:20 UTC,BTC:LONG:20;ETH:LONG:20;ADA:LONG:15;AVAX:SHORT:10;LINK:SHORT:10;XRP:SHORT:10
23/11/2024,22:10,"1. BTC - Long, Leverage x202. ETH - Long, Leverage x203. SOL - Long, Leverage x154. ICP - Short, Leverage x105. LINK - Short, Leverage x106. BNB - Short, Leverage x15⚠️",BTC:LONG:1;ETH:LONG:1;SOL:LONG:20;ICP:LONG:20;BNB:SHORT:10,2024-11-30 18:09:20 UTC,BTC:LONG:20;ETH:LONG:20;SOL:LONG:15;ICP:SHORT:10;LINK:SHORT:10;BNB:SHORT:15
24/11/2024,01:10,- Long BTC x20- Long ETH x20- Long SOL x15- Short GRT x10- Short LINK x10- Short UNI x10⚠️,BTC:LONG:20;ETH:LONG:20;SOL:LONG:20;GRT:LONG:20;UNI:SHORT:10,2024-11-30 18:09:20 UTC,BTC:LONG:20;ETH:LONG:20;SOL:LONG:15;GRT:SHORT:10;LINK:SHORT:10;UNI:SHORT:10
24/11/2024,04:10,- Long BTCUSDT x20- Long ADAUSDT x10- Long LTCUSDT x15- Short UNIUSDT x10- Short TONUSDT x10- Short ICPUSDT x15⚠️,BTC:LONG:20;ADA:LONG:20;LTC:LONG:20;UNI:LONG:10;TON:SHORT:15;ICP:SHORT:10,2024-11-30 18:09:20 UTC,BTC:LONG:20;ADA:LONG:10;LTC:LONG:15;UNI:SHORT:10;TON:SHORT:10;ICP:SHORT:15
24/11/2024,07:10,- Long LTC x10- Long ADA x10- Long ETH x20- Short STX x10- Short SUI x10- Short ICP x10⚠️,LTC:LONG:10;ADA:LONG:10;ETH:LONG:10;STX:LONG:10;SUI:SHORT:20;ICP:SHORT:10,2024-11-30 18:09:20 UTC,LTC:LONG:10;ADA:LONG:10;ETH:LONG:20;STX:SHORT:10;SUI:SHORT:10;ICP:SHORT:10
24/11/2024,10:10,**1. BTC - Long x202. ETH - Long x203. ADA - Long x154. DOGE - Short x105. SOL - Short x106. GRT - Short x10---⚠️ **,BTC:LONG:1;ETH:LONG:1;ADA:LONG:20;DOGE:LONG:20;SOL:LONG:15;GRT:SHORT:10,2024-11-30 18:09:20 UTC,BTC:LONG:20;ETH:LONG:20;ADA:LONG:15;DOGE:SHORT:10;SOL:SHORT:10;GRT:SHORT:10
24/11/2024,13:10,**1. Long BTCUSDT - x20 Leverage2. Long ETHUSDT - x20 Leverage3. Long FTMUSDT - x10 Leverage4. Short ADAUSDT - x15 Leverage5. Short GRTUSDT - x10 Leverage6. Short BTCUSDT - x20 Leverage⚠️ **,BTC:LONG:1;ETH:LONG:20;FTM:LONG:20;ADA:LONG:10;GRT:SHORT:15;BTC:SHORT:10,2024-11-30 18:09:20 UTC,BTC:LONG:20;ETH:LONG:20;FTM:LONG:10;ADA:SHORT:15;GRT:SHORT:10;BTC:SHORT:20
24/11/2024,16:10,1. BTC - Long x202. ETH - Long x203. ADA - Long x154. FTM - Short x105. DOGE - Short x106. TRX - Short x10⚠️,BTC:LONG:1;ETH:LONG:1;ADA:LONG:20;FTM:LONG:20;DOGE:LONG:15;TRX:SHORT:10,2024-11-30 18:09:20 UTC,BTC:LONG:20;ETH:LONG:20;ADA:LONG:15;FTM:SHORT:10;DOGE:SHORT:10;TRX:SHORT:10
24/11/2024,19:10,"**- **Long Trades:**  - **Bitcoin (BTC)** - Long, x20 Leverage  - **Avalanche (AVAX)** - Long, x15 Leverage  - **Chainlink (LINK)** - Long, x15 Leverage- **Short Trades:**  - **Dogecoin (DOGE)** - Short, x10 Leverage  - **Uniswap (UNI)** - Short, x10 Leverage  - **Internet Computer (ICP)** - Short, x10 Leverage⚠️ **",BTC:LONG:20;AVAX:LONG:20;DOGE:LONG:15;DOGE:SHORT:15;UNI:SHORT:10;ICP:SHORT:10,2024-11-30 18:09:20 UTC,BTC:LONG:20;AVAX:LONG:15;LINK:LONG:15;DOGE:SHORT:10;UNI:SHORT:10;ICP:SHORT:10
24/11/2024,22:10,- Long: UNIUSDT x10- Long: STXUSDT x15- Long: LINKUSDT x10- Short: AVAXUSDT x10- Short: SOLUSDT x10- Short: BNBUSDT x15⚠️,UNI:LONG:10;STX:LONG:10;AVAX:LONG:15;SOL:SHORT:10;BNB:SHORT:10,2024-11-30 18:09:20 UTC,UNI:LONG:10;STX:LONG:15;LINK:LONG:10;AVAX:SHORT:10;SOL:SHORT:10;BNB:SHORT:15
25/11/2024,01:10,- Long BTC x20- Long ETH x20- Long ADA x10- Short STX x10- Short TAO x10- Short FTM x10⚠️,BTC:LONG:20;ETH:LONG:20;ADA:LONG:20;STX:LONG:20;TAO:SHORT:10;FTM:SHORT:10,2024-11-30 18:09:20 UTC,BTC:LONG:20;ETH:LONG:20;ADA:LONG:10;STX:SHORT:10;TAO:SHORT:10;FTM:SHORT:10
25/11/2024,04:10,"**1. **SOLUSDT - Long, x10**  2. **GRTUSDT - Long, x10**  3. **STXUSDT - Long, x10**  4. **ICPUSDT - Short, x15**  5. **ADAUSDT - Short, x15**  6. **LINKUSDT - Short, x15**  ⚠️ **",SOL:LONG:1;GRT:LONG:1;STX:LONG:2;ICP:LONG:3;ADA:SHORT:4,2024-11-30 18:09:20 UTC,SOL:LONG:10;GRT:LONG:10;STX:LONG:10;ICP:SHORT:15;ADA:SHORT:15;LINK:SHORT:15
25/11/2024,07:10,"- Bitcoin (BTC): Long, Leverage x20- Ethereum (ETH): Long, Leverage x20- ICP: Long, Leverage x15- AVAX: Short, Leverage x10- TAO: Short, Leverage x10- DOGE: Short, Leverage x10---⚠️",BTC:LONG:20;ETH:LONG:20;ICP:LONG:20;AVAX:LONG:20;TAO:SHORT:15;DOGE:SHORT:10,2024-11-30 18:09:20 UTC,BTC:LONG:20;ETH:LONG:20;ICP:LONG:15;AVAX:SHORT:10;TAO:SHORT:10;DOGE:SHORT:10
25/11/2024,10:10,- Long ETH x20- Long ADA x15- Long BNB x15- Short ICP x10- Short DOGE x10- Short SHIB x10⚠️,ETH:LONG:20;ADA:LONG:20;BNB:LONG:20;ICP:LONG:15;DOGE:SHORT:15;1000SHIB:SHORT:10,2024-11-30 18:09:20 UTC,ETH:LONG:20;ADA:LONG:15;BNB:LONG:15;ICP:SHORT:10;DOGE:SHORT:10;SHIB:SHORT:10
25/11/2024,13:10,"- Long Trades: TAOUSDT (x10 leverage), ETHUSDT (x20 leverage), AVAXUSDT (x15 leverage)- Short Trades: SOLUSDT (x10 leverage), FTMUSDT (x10 leverage), XRPUSDT (x15 leverage)⚠️",TAO:LONG:10;ETH:LONG:10;AVAX:SHORT:10;SOL:SHORT:15;FTM:SHORT:10,2024-11-30 18:09:20 UTC,TAO:LONG:10;ETH:LONG:20;AVAX:LONG:15;SOL:SHORT:10;FTM:SHORT:10;XRP:SHORT:15
25/11/2024,16:10,"- BTCUSDT: Short, Leverage x20 - ETHUSDT: Long, Leverage x20 - ADAUSDT: Long, Leverage x10 - FTMUSDT: Short, Leverage x10 - TONUSDT: Long, Leverage x10 - XRPUSDT: Short, Leverage x15 ⚠️",BTC:SHORT:20;ETH:SHORT:20;ADA:LONG:20;FTM:LONG:20;TON:SHORT:10;XRP:LONG:10,2024-11-30 18:09:20 UTC,BTC:SHORT:20;ETH:LONG:20;ADA:LONG:10;FTM:SHORT:10;TON:LONG:10;XRP:SHORT:15
25/11/2024,19:10,- Long BTCUSDT: x20- Short ADAUSDT: x10- Long DOGEUSDT: x10- Short AVAXUSDT: x10- Long SUIUSDT: x10- Short UNIUSDT: x10⚠️,BTC:LONG:20;ADA:LONG:20;DOGE:SHORT:20;AVAX:LONG:10;SUI:SHORT:10;UNI:LONG:10,2024-11-30 18:09:20 UTC,BTC:LONG:20;ADA:SHORT:10;DOGE:LONG:10;AVAX:SHORT:10;SUI:LONG:10;UNI:SHORT:10
25/11/2024,22:10,**1. **TONUSDT - Long x10**2. **STXUSDT - Long x10**3. **UNIUSDT - Long x10**4. **FTMUSDT - Short x10**5. **ICPUSDT - Short x10**6. **ETHUSDT - Short x20**⚠️ **,TON:LONG:1;STX:LONG:1;UNI:LONG:10;FTM:LONG:10;ICP:LONG:10;ETH:SHORT:10,2024-11-30 18:09:20 UTC,TON:LONG:10;STX:LONG:10;UNI:LONG:10;FTM:SHORT:10;ICP:SHORT:10;ETH:SHORT:20
26/11/2024,01:10,"**1. BTC - Long, Leverage x202. ETH - Short, Leverage x203. FTM - Long, Leverage x104. ADA - Short, Leverage x155. UNI - Long, Leverage x106. TRX - Short, Leverage x15⚠️ **",BTC:LONG:1;ETH:LONG:1;FTM:SHORT:20;ADA:LONG:20;UNI:SHORT:10;TRX:LONG:15,2024-11-30 18:09:20 UTC,BTC:LONG:20;ETH:SHORT:20;FTM:LONG:10;ADA:SHORT:15;UNI:LONG:10;TRX:SHORT:15
26/11/2024,04:10,"1. BTC - Long, Leverage x202. ETH - Long, Leverage x203. UNI - Long, Leverage x154. ICP - Short, Leverage x105. TON - Short, Leverage x106. TRX - Short, Leverage x10⚠️",BTC:LONG:1;ETH:LONG:1;UNI:LONG:20;ICP:LONG:20;TON:SHORT:15;TRX:SHORT:10,2024-11-30 18:09:20 UTC,BTC:LONG:20;ETH:LONG:20;UNI:LONG:15;ICP:SHORT:10;TON:SHORT:10;TRX:SHORT:10
26/11/2024,07:10,Long Positions:1. GRT - Leverage x102. LINK - Leverage x153. ADA - Leverage x15Short Positions:1. SOL - Leverage x102. DOGE - Leverage x103. SHIB - Leverage x10⚠️,GRT:LONG:1,2024-11-30 18:09:20 UTC,GRT:LONG:10;LINK:LONG:15;ADA:LONG:15;SOL:SHORT:10;DOGE:SHORT:10;SHIB:SHORT:10
26/11/2024,10:10,- Long BTC x20- Long ETH x20- Long TRX x10- Short TAO x10- Short LTC x10- Short ADA x10⚠️,BTC:LONG:20;ETH:LONG:20;TRX:LONG:20;TAO:LONG:20;LTC:SHORT:10;ADA:SHORT:10,2024-11-30 18:09:20 UTC,BTC:LONG:20;ETH:LONG:20;TRX:LONG:10;TAO:SHORT:10;LTC:SHORT:10;ADA:SHORT:10
26/11/2024,13:10,- Long BTC x20- Long ADA x10- Long XRP x10- Short GRT x10- Short ICP x10- Short DOGE x10⚠️,BTC:LONG:20;ADA:LONG:20;XRP:LONG:20;GRT:LONG:10;ICP:SHORT:10;DOGE:SHORT:10,2024-11-30 18:09:20 UTC,BTC:LONG:20;ADA:LONG:10;XRP:LONG:10;GRT:SHORT:10;ICP:SHORT:10;DOGE:SHORT:10
26/11/2024,19:10,- **Long BTC**: x20 Leverage- **Long ETH**: x20 Leverage- **Long ADA**: x15 Leverage- **Short SUI**: x10 Leverage- **Short TRX**: x10 Leverage- **Short LINK**: x10 Leverage⚠️,BTC:LONG:20;ETH:LONG:20;ADA:LONG:20;SUI:LONG:15;TRX:SHORT:10,2024-11-30 18:09:20 UTC,BTC:LONG:20;ETH:LONG:20;ADA:LONG:15;SUI:SHORT:10;TRX:SHORT:10;LINK:SHORT:10
26/11/2024,22:10,- Long BTCUSDT - Leverage x20- Long TAOUSDT - Leverage x15- Long STXUSDT - Leverage x10- Short SOLUSDT - Leverage x10- Short FTMUSDT - Leverage x10- Short ICPUSDT - Leverage x10⚠️,BTC:LONG:20;TAO:LONG:20;STX:LONG:15;SOL:LONG:10;FTM:SHORT:10;ICP:SHORT:10,2024-11-30 18:09:20 UTC,BTC:LONG:20;TAO:LONG:15;STX:LONG:10;SOL:SHORT:10;FTM:SHORT:10;ICP:SHORT:10
27/11/2024,01:10,- Long BTC x20- Long UNI x10- Long LINK x10- Short GRT x10- Short ICP x10- Short STX x10⚠️,BTC:LONG:20;UNI:LONG:20;GRT:LONG:10;ICP:SHORT:10;STX:SHORT:10,2024-11-30 18:09:20 UTC,BTC:LONG:20;UNI:LONG:10;LINK:LONG:10;GRT:SHORT:10;ICP:SHORT:10;STX:SHORT:10
27/11/2024,04:10,1. Bitcoin (BTCUSDT) - Long x202. Ethereum (ETHUSDT) - Long x203. Avalanche (AVAXUSDT) - Long x154. Sui (SUIUSDT) - Short x105. Chainlink (LINKUSDT) - Short x106. Uniswap (UNIUSDT) - Short x10⚠️,BTC:LONG:1;ETH:LONG:1;ETH:LONG:20;AVAX:LONG:20;SUI:LONG:20;SUI:LONG:15;UNI:SHORT:10,2024-11-30 18:09:20 UTC,BTC:LONG:20;ETH:LONG:20;AVAX:LONG:15;SUI:SHORT:10;LINK:SHORT:10;UNI:SHORT:10
27/11/2024,07:10,"1. LINK - Long, x152. ETH - Long, x203. ADA - Long, x104. TON - Short, x105. SOL - Short, x106. FTM - Short, x10⚠️",ETH:LONG:1;ADA:LONG:15;TON:LONG:20;SOL:LONG:10;FTM:SHORT:10,2024-11-30 18:09:20 UTC,LINK:LONG:15;ETH:LONG:20;ADA:LONG:10;TON:SHORT:10;SOL:SHORT:10;FTM:SHORT:10
27/11/2024,10:10,"1. LTC - Long, x102. TRX - Long, x153. ADA - Long, x154. GRT - Short, x105. LINK - Short, x106. SUI - Short, x10⚠️",LTC:LONG:1;TRX:LONG:1;ADA:LONG:10;GRT:LONG:15;SUI:SHORT:10,2024-11-30 18:09:20 UTC,LTC:LONG:10;TRX:LONG:15;ADA:LONG:15;GRT:SHORT:10;LINK:SHORT:10;SUI:SHORT:10
27/11/2024,13:10,- Long Trades:  - TONUSDT: x10 Leverage  - FTMUSDT: x15 Leverage  - BTCUSDT: x20 Leverage- Short Trades:  - ICPUSDT: x10 Leverage  - AVAXUSDT: x15 Leverage  - SOLUSDT: x10 Leverage---⚠️,TON:LONG:10;FTM:LONG:10;BTC:SHORT:10;ICP:SHORT:20;AVAX:SHORT:10,2024-11-30 18:09:20 UTC,TON:LONG:10;FTM:LONG:15;BTC:LONG:20;ICP:SHORT:10;AVAX:SHORT:15;SOL:SHORT:10
27/11/2024,17:32,**- **BTC Long x20**- **ETH Long x20**- **XRP Long x15**- **UNI Short x10**- **ADA Short x10**- **DOGE Short x10**⚠️ **,BTC:LONG:20;ETH:LONG:20;XRP:LONG:20;UNI:LONG:20;ADA:LONG:15;DOGE:SHORT:10,2024-11-30 18:09:20 UTC,BTC:LONG:20;ETH:LONG:20;XRP:LONG:15;UNI:SHORT:10;ADA:SHORT:10;DOGE:SHORT:10
27/11/2024,20:32,"- Bitcoin (BTCUSDT): Long, x20 Leverage- Ethereum (ETHUSDT): Long, x20 Leverage- Binance Coin (BNBUSDT): Long, x15 Leverage- TAO (TAOUSDT): Short, x10 Leverage- Cardano (ADAUSDT): Short, x10 Leverage- Toncoin (TONUSDT): Short, x10 Leverage⚠️",BTC:LONG:20;ETH:LONG:20;BNB:LONG:20;TAO:LONG:15;ADA:SHORT:10;TON:SHORT:10,2024-11-30 18:09:20 UTC,BTC:LONG:20;ETH:LONG:20;BNB:LONG:15;TAO:SHORT:10;ADA:SHORT:10;TON:SHORT:10
27/11/2024,23:32,**1. DOGE - Long x102. BNB - Long x103. Bitcoin - Long x204. GRT - Short x105. STX - Short x106. TAO - Short x10⚠️ **,DOGE:LONG:1;BNB:LONG:1;BTC:LONG:10;GRT:LONG:10;STX:LONG:20;TAO:SHORT:10,2024-11-30 18:09:20 UTC,DOGE:LONG:10;BNB:LONG:10;BTC:LONG:20;GRT:SHORT:10;STX:SHORT:10;TAO:SHORT:10
28/11/2024,02:32,- Long BNB x15- Long ADA x15- Long SUI x10- Short UNI x10- Short LINK x15- Short ETH x20⚠️,BNB:LONG:15;ADA:LONG:15;SUI:LONG:15;UNI:LONG:15;ETH:SHORT:10,2024-11-30 18:09:20 UTC,BNB:LONG:15;ADA:LONG:15;SUI:LONG:10;UNI:SHORT:10;LINK:SHORT:15;ETH:SHORT:20
28/11/2024,05:32,- Long Bitcoin (BTC) - Leverage x20- Long Ethereum (ETH) - Leverage x20- Long Binance Coin (BNB) - Leverage x15- Short Sui (SUI) - Leverage x10- Short Cardano (ADA) - Leverage x10- Short Dogecoin (DOGE) - Leverage x10⚠️,BTC:LONG:20;ETH:LONG:20;BNB:LONG:20;SUI:SHORT:15;ADA:SHORT:10;DOGE:SHORT:10,2024-11-30 18:09:20 UTC,BTC:LONG:20;ETH:LONG:20;BNB:LONG:15;SUI:SHORT:10;ADA:SHORT:10;DOGE:SHORT:10
28/11/2024,08:32,1. ETH Long x202. UNI Long x153. ADA Long x104. LTC Short x105. DOGE Short x106. GRT Short x10⚠️,ETH:LONG:1;UNI:LONG:1;ADA:LONG:20;LTC:LONG:15;DOGE:LONG:10;GRT:SHORT:10,2024-11-30 18:09:20 UTC,ETH:LONG:20;UNI:LONG:15;ADA:LONG:10;LTC:SHORT:10;DOGE:SHORT:10;GRT:SHORT:10
28/11/2024,11:32,- Long BTCUSDT x20- Short SUIUSDT x10- Long TONUSDT x15- Short FTMUSDT x10- Long TRXUSDT x15- Short LTCUSDT x10⚠️,BTC:LONG:20;SUI:LONG:20;TON:SHORT:20;FTM:LONG:10;TRX:SHORT:15;LTC:LONG:10,2024-11-30 18:09:20 UTC,BTC:LONG:20;SUI:SHORT:10;TON:LONG:15;FTM:SHORT:10;TRX:LONG:15;LTC:SHORT:10
12/11/2024,14:31,1. BTC - Long x202. ETH - Short x203. TRX - Long x154. SOL - Short x105. DOGE - Long x106. ADA - Short x10⚠️,BTC:LONG:1;ETH:LONG:1;TRX:LONG:20;SOL:SHORT:20;DOGE:LONG:15;ADA:SHORT:10,2024-11-30 18:09:20 UTC,BTC:LONG:20;ETH:SHORT:20;TRX:LONG:15;SOL:SHORT:10;DOGE:LONG:10;ADA:SHORT:10
12/11/2024,17:31,**1. Long BTC - Leverage x202. Long TON - Leverage x10  3. Long FTM - Leverage x10  4. Short TRX - Leverage x10  5. Short SUI - Leverage x10  6. Short DOGE - Leverage x10  ---⚠️ **,BTC:LONG:1;TON:LONG:20;FTM:LONG:10;TRX:SHORT:10;SUI:SHORT:10;DOGE:SHORT:10,2024-11-30 18:09:20 UTC,BTC:LONG:20;TON:LONG:10;FTM:LONG:10;TRX:SHORT:10;SUI:SHORT:10;DOGE:SHORT:10
12/11/2024,20:31,"**1. TRX - Long, x102. UNI - Long, x103. DOGE - Long, x104. XRP - Short, x155. AVAX - Short, x156. TON - Short, x15---⚠️ **",TRX:LONG:1;UNI:LONG:1;DOGE:LONG:10;XRP:LONG:10;AVAX:LONG:10;TON:SHORT:15,2024-11-30 18:09:20 UTC,TRX:LONG:10;UNI:LONG:10;DOGE:LONG:10;XRP:SHORT:15;AVAX:SHORT:15;TON:SHORT:15
12/11/2024,23:31,- Long BTC x20- Long ETH x20- Long ADA x10- Short TRX x10- Short TON x10- Short LTC x10⚠️,BTC:LONG:20;ETH:LONG:20;ADA:LONG:20;TRX:LONG:20;TON:SHORT:10;LTC:SHORT:10,2024-11-30 18:09:20 UTC,BTC:LONG:20;ETH:LONG:20;ADA:LONG:10;TRX:SHORT:10;TON:SHORT:10;LTC:SHORT:10
13/11/2024,02:31,- Long BNBUSDT x15- Long TONUSDT x10- Long LTCUSDT x10- Short TRXUSDT x10- Short XRPUSDT x10- Short SUIUSDT x10⚠️,BNB:LONG:15;TON:LONG:15;LTC:LONG:15;TRX:LONG:10;XRP:SHORT:10;SUI:SHORT:10,2024-11-30 18:09:20 UTC,BNB:LONG:15;TON:LONG:10;LTC:LONG:10;TRX:SHORT:10;XRP:SHORT:10;SUI:SHORT:10
13/11/2024,05:31,"1. BNB - Long, x152. ICP - Long, x153. ADA - Long, x104. TRX - Short, x105. DOGE - Short, x106. 1000SHIB - Short, x10⚠️",BNB:LONG:1;ICP:LONG:1;ADA:LONG:15;TRX:LONG:15;DOGE:LONG:10;1000SHIB:SHORT:10,2024-11-30 18:09:20 UTC,BNB:LONG:15;ICP:LONG:15;ADA:LONG:10;TRX:SHORT:10;DOGE:SHORT:10;1000SHIB:SHORT:10
13/11/2024,08:31,**- **Long Bitcoin (BTC)** — Leverage x20  - **Long Ethereum (ETH)** — Leverage x20  - **Long Ripple (XRP)** — Leverage x15  - **Short Sui (SUI)** — Leverage x10  - **Short Toncoin (TON)** — Leverage x10  - **Short Cardano (ADA)** — Leverage x10  ---⚠️ **,BTC:LONG:20;ETH:LONG:20;XRP:LONG:20;SUI:SHORT:15;TON:SHORT:10;ADA:SHORT:10,2024-11-30 18:09:20 UTC,BTC:LONG:20;ETH:LONG:20;XRP:LONG:15;SUI:SHORT:10;TON:SHORT:10;ADA:SHORT:10
28/11/2024,17:32,- Long TAO x15- Long ICP x15- Long GRT x15- Short TRX x10- Short DOGE x10- Short BNB x10⚠️,TAO:LONG:15;ICP:LONG:15;GRT:LONG:15;TRX:LONG:15;DOGE:SHORT:15;BNB:SHORT:10,2024-11-30 18:09:20 UTC,TAO:LONG:15;ICP:LONG:15;GRT:LONG:15;TRX:SHORT:10;DOGE:SHORT:10;BNB:SHORT:10
28/11/2024,20:32,- Long ADAUSDT x10- Long ETHUSDT x20- Long SOLUSDT x15- Short GRTUSDT x10- Short TONUSDT x10- Short BNBUSDT x15⚠️,ADA:LONG:10;ETH:LONG:10;SOL:LONG:10;GRT:LONG:20;TON:SHORT:15;BNB:SHORT:10,2024-11-30 18:09:20 UTC,ADA:LONG:10;ETH:LONG:20;SOL:LONG:15;GRT:SHORT:10;TON:SHORT:10;BNB:SHORT:15
13/11/2024,11:31,"**- **Long:** ADA (x10), SOL (x15), BTC (x20)  - **Short:** TRX (x10), DOGE (x10), GRT (x10)  ⚠️ **",ADA:LONG:10;SOL:LONG:10;BTC:LONG:10;TRX:SHORT:15;DOGE:SHORT:20;GRT:SHORT:10,2024-11-30 18:09:20 UTC,ADA:LONG:10;SOL:LONG:15;BTC:LONG:20;TRX:SHORT:10;DOGE:SHORT:10;GRT:SHORT:10
13/11/2024,14:31,**1. LTC - Long x102. ADA - Long x153. ETH - Long x204. DOGE - Short x105. SOL - Short x106. BNB - Short x15⚠️ **,LTC:LONG:1;ADA:LONG:1;ETH:LONG:10;DOGE:LONG:15;SOL:LONG:20;BNB:SHORT:10,2024-11-30 18:09:20 UTC,LTC:LONG:10;ADA:LONG:15;ETH:LONG:20;DOGE:SHORT:10;SOL:SHORT:10;BNB:SHORT:15
13/11/2024,17:31,1. TRX - Long - x102. LINK - Long - x153. ADA - Long - x154. ICP - Short - x105. SUI - Short - x106. SOL - Short - x10⚠️,TRX:LONG:1;ADA:LONG:10;ICP:LONG:15;SUI:LONG:15;SOL:SHORT:10,2024-11-30 18:09:20 UTC,TRX:LONG:10;LINK:LONG:15;ADA:LONG:15;ICP:SHORT:10;SUI:SHORT:10;SOL:SHORT:10
13/11/2024,20:31,1. ADA - Long x102. TRX - Long x103. FTM - Long x104. SUI - Short x105. LINK - Short x106. UNI - Short x10⚠️,ADA:LONG:1;TRX:LONG:1;FTM:LONG:10;SUI:LONG:10;UNI:SHORT:10,2024-11-30 18:09:20 UTC,ADA:LONG:10;TRX:LONG:10;FTM:LONG:10;SUI:SHORT:10;LINK:SHORT:10;UNI:SHORT:10
13/11/2024,23:31,- BTCUSDT: Long x20- ETHUSDT: Long x20- SUIUSDT: Short x10- DOGEUSDT: Short x10- ADAUSDT: Short x10- UNIUSDT: Long x15⚠️,BTC:LONG:20;ETH:LONG:20;SUI:LONG:20;DOGE:LONG:20;ADA:SHORT:10;UNI:SHORT:10,2024-11-30 18:09:20 UTC,BTC:LONG:20;ETH:LONG:20;SUI:SHORT:10;DOGE:SHORT:10;ADA:SHORT:10;UNI:LONG:15
14/11/2024,02:31,**- **Long Bitcoin (BTC)** - Leverage x20  - **Long Ethereum (ETH)** - Leverage x20  - **Long TONUSDT** - Leverage x10  - **Short ICPUSDT** - Leverage x10  - **Short DOGEUSDT** - Leverage x10  - **Short SOLUSDT** - Leverage x15  ---⚠️ **,BTC:LONG:20;ETH:LONG:20;TON:LONG:20;ICP:LONG:10;DOGE:SHORT:10;SOL:SHORT:10,2024-11-30 18:09:20 UTC,BTC:LONG:20;ETH:LONG:20;TON:LONG:10;ICP:SHORT:10;DOGE:SHORT:10;SOL:SHORT:15
14/11/2024,05:31,"**- **Bitcoin (BTC)**: Long, Leverage x20  - **Ethereum (ETH)**: Short, Leverage x20  - **Ripple (XRP)**: Long, Leverage x15  - **Binance Coin (BNB)**: Short, Leverage x10  - **Solana (SOL)**: Long, Leverage x15  - **Litecoin (LTC)**: Short, Leverage x10⚠️ **",BTC:LONG:20;ETH:LONG:20;XRP:SHORT:20;BNB:LONG:15;SOL:SHORT:10;LTC:LONG:15,2024-11-30 18:09:20 UTC,BTC:LONG:20;ETH:SHORT:20;XRP:LONG:15;BNB:SHORT:10;SOL:LONG:15;LTC:SHORT:10
14/11/2024,08:31,"**1. **BTC - Long, x20**2. **ETH - Long, x20**3. **LTC - Long, x15**4. **TAO - Short, x10**5. **SUI - Short, x10**6. **DOGE - Short, x10**⚠️ **",BTC:LONG:1;ETH:LONG:1;LTC:LONG:20;TAO:LONG:20;SUI:LONG:15;DOGE:SHORT:10,2024-11-30 18:09:20 UTC,BTC:LONG:20;ETH:LONG:20;LTC:LONG:15;TAO:SHORT:10;SUI:SHORT:10;DOGE:SHORT:10
14/11/2024,11:31,"**- **BTCUSDT**: Long, x20- **ETHUSDT**: Long, x20- **TRXUSDT**: Long, x15- **SUIUSDT**: Short, x10- **ADAUSDT**: Short, x10- **DOGEUSDT**: Short, x10⚠️ **",BTC:LONG:20;ETH:LONG:20;TRX:LONG:20;SUI:LONG:20;ADA:LONG:15;DOGE:SHORT:10,2024-11-30 18:09:20 UTC,BTC:LONG:20;ETH:LONG:20;TRX:LONG:15;SUI:SHORT:10;ADA:SHORT:10;DOGE:SHORT:10
14/11/2024,14:31,**1. **BNB Long x20**  2. **XRP Long x20**  3. **LTC Long x15**  4. **ICP Short x10**  5. **DOGE Short x10**  6. **GRT Short x10**  ⚠️ **,BNB:LONG:1;XRP:LONG:1;LTC:LONG:2;ICP:LONG:3;DOGE:SHORT:4;GRT:SHORT:5,2024-11-30 18:09:20 UTC,BNB:LONG:20;XRP:LONG:20;LTC:LONG:15;ICP:SHORT:10;DOGE:SHORT:10;GRT:SHORT:10
14/11/2024,17:31,"- BTCUSDT: Long, x20  - ETHUSDT: Long, x20  - TONUSDT: Long, x15  - SUIUSDT: Short, x10  - DOGEUSDT: Short, x10  ⚠️",BTC:LONG:20;ETH:LONG:20;TON:LONG:20;SUI:LONG:20;DOGE:LONG:15,2024-11-30 18:09:20 UTC,BTC:LONG:20;ETH:LONG:20;TON:LONG:15;SUI:SHORT:10;DOGE:SHORT:10
14/11/2024,20:31,1. ADA - Long x102. STX - Long x103. UNI - Long x154. TRX - Short x105. XRP - Short x106. ICP - Short x10⚠️,ADA:LONG:1;STX:LONG:1;UNI:LONG:10;TRX:LONG:10;XRP:LONG:15;ICP:SHORT:10,2024-11-30 18:09:20 UTC,ADA:LONG:10;STX:LONG:10;UNI:LONG:15;TRX:SHORT:10;XRP:SHORT:10;ICP:SHORT:10
14/11/2024,23:31,"1. ADA - Long, x102. XRP - Long, x153. BTC - Long, x204. SUI - Short, x105. TON - Short, x156. DOGE - Short, x10⚠️",ADA:LONG:1;XRP:LONG:1;BTC:LONG:10;SUI:LONG:15;TON:LONG:20;DOGE:SHORT:10,2024-11-30 18:09:20 UTC,ADA:LONG:10;XRP:LONG:15;BTC:LONG:20;SUI:SHORT:10;TON:SHORT:15;DOGE:SHORT:10
15/11/2024,02:31,**1. **Bitcoin (BTC):** Long x202. **Ethereum (ETH):** Long x203. **Litecoin (LTC):** Long x154. **Ripple (XRP):** Short x105. **Cardano (ADA):** Short x106. **Solana (SOL):** Short x10---⚠️ **,BTC:LONG:1;ETH:LONG:1;ETH:LONG:20;LTC:LONG:20;LTC:LONG:20;XRP:LONG:20;XRP:LONG:15;ADA:SHORT:15;ADA:SHORT:10;SOL:SHORT:10;SOL:SHORT:10,2024-11-30 18:09:20 UTC,BTC:LONG:20;ETH:LONG:20;LTC:LONG:15;XRP:SHORT:10;ADA:SHORT:10;SOL:SHORT:10
15/11/2024,05:31,**1. **XRP - Long x10**2. **GRT - Long x10**3. **TRX - Long x15**4. **SUI - Short x10**5. **SOL - Short x10**6. **DOGE - Short x10**⚠️ **,XRP:LONG:1;GRT:LONG:1;TRX:LONG:10;SUI:LONG:10;SOL:LONG:15;DOGE:SHORT:10,2024-11-30 18:09:20 UTC,XRP:LONG:10;GRT:LONG:10;TRX:LONG:15;SUI:SHORT:10;SOL:SHORT:10;DOGE:SHORT:10
15/11/2024,08:31,"**1. TONUSDT - Long, x102. TRXUSDT - Long, x153. TAOUSDT - Long, x104. LINKUSDT - Short, x155. AVAXUSDT - Short, x106. LTCUSDT - Short, x10⚠️ **",TON:LONG:1;TRX:LONG:1;TAO:LONG:10;AVAX:LONG:10;LTC:SHORT:15,2024-11-30 18:09:20 UTC,TON:LONG:10;TRX:LONG:15;TAO:LONG:10;LINK:SHORT:15;AVAX:SHORT:10;LTC:SHORT:10
15/11/2024,11:31,1. LTC - Short - x102. BNB - Short - x103. TRX - Long - x154. ADA - Long - x155. DOGE - Long - x106. BTC - Long - x20⚠️,LTC:SHORT:1;BNB:SHORT:1;TRX:SHORT:10;ADA:SHORT:10;DOGE:LONG:15;BTC:LONG:15,2024-11-30 18:09:20 UTC,LTC:SHORT:10;BNB:SHORT:10;TRX:LONG:15;ADA:LONG:15;DOGE:LONG:10;BTC:LONG:20
15/11/2024,14:31,- Long Bitcoin (BTC) x20- Long Ethereum (ETH) x20- Long Cardano (ADA) x15- Short Dogecoin (DOGE) x10- Short TAO (TAO) x10- Short Solana (SOL) x15⚠️,BTC:LONG:20;ETH:LONG:20;ADA:LONG:20;DOGE:LONG:15;DOGE:SHORT:15;TAO:SHORT:10;SOL:SHORT:10,2024-11-30 18:09:20 UTC,BTC:LONG:20;ETH:LONG:20;ADA:LONG:15;DOGE:SHORT:10;TAO:SHORT:10;SOL:SHORT:15
15/11/2024,17:31,- Long: LINK x15- Long: UNI x15- Long: BTC x20- Short: TRX x10- Short: ICP x10- Short: XRP x10⚠️,UNI:LONG:15;BTC:LONG:15;TRX:LONG:15;ICP:SHORT:20;XRP:SHORT:10,2024-11-30 18:09:20 UTC,LINK:LONG:15;UNI:LONG:15;BTC:LONG:20;TRX:SHORT:10;ICP:SHORT:10;XRP:SHORT:10
15/11/2024,20:31,"**1. ADA - Long, x10  2. BNB - Long, x15  3. UNI - Long, x10  4. LTC - Short, x10  5. FTM - Short, x10  6. SOL - Short, x15  ⚠️ **",ADA:LONG:1;BNB:LONG:1;UNI:LONG:2;LTC:LONG:3;FTM:SHORT:4;SOL:SHORT:5,2024-11-30 18:09:20 UTC,ADA:LONG:10;BNB:LONG:15;UNI:LONG:10;LTC:SHORT:10;FTM:SHORT:10;SOL:SHORT:15
15/11/2024,23:31,**1. **Long AVAX - Leverage x15**2. **Long XRP - Leverage x15**3. **Long ADA - Leverage x10**4. **Short TRX - Leverage x10**5. **Short FTM - Leverage x10**6. **Short GRT - Leverage x10**⚠️ **,AVAX:LONG:1;XRP:LONG:15;ADA:LONG:15;TRX:LONG:10;FTM:SHORT:10;GRT:SHORT:10,2024-11-30 18:09:20 UTC,AVAX:LONG:15;XRP:LONG:15;ADA:LONG:10;TRX:SHORT:10;FTM:SHORT:10;GRT:SHORT:10
16/11/2024,02:31,**1. TRX - Long x102. UNI - Long x153. BTC - Long x204. TON - Short x105. ADA - Short x106. ICP - Short x15⚠️ **,TRX:LONG:1;UNI:LONG:1;BTC:LONG:10;TON:LONG:15;ADA:LONG:20;ICP:SHORT:10,2024-11-30 18:09:20 UTC,TRX:LONG:10;UNI:LONG:15;BTC:LONG:20;TON:SHORT:10;ADA:SHORT:10;ICP:SHORT:15
16/11/2024,05:31,1. Bitcoin (BTC) - Long x202. Ethereum (ETH) - Long x203. Ripple (XRP) - Long x154. Cardano (ADA) - Short x105. Uniswap (UNI) - Short x106. Toncoin (TON) - Short x10⚠️,BTC:LONG:1;ETH:LONG:1;ETH:LONG:20;XRP:LONG:20;XRP:LONG:20;ADA:LONG:20;ADA:LONG:15;UNI:SHORT:10;TON:SHORT:10;TON:SHORT:10,2024-11-30 18:09:20 UTC,BTC:LONG:20;ETH:LONG:20;XRP:LONG:15;ADA:SHORT:10;UNI:SHORT:10;TON:SHORT:10
16/11/2024,08:31,**- **BTCUSDT:** Long x20  - **ETHUSDT:** Long x20  - **BNBUSDT:** Long x15  - **ADAUSDT:** Short x10  - **XRPUSDT:** Short x10  - **LTCUSDT:** Short x10---⚠️ **,BTC:LONG:20;ETH:LONG:20;BNB:LONG:20;ADA:LONG:20;XRP:LONG:15;LTC:SHORT:10,2024-11-30 18:09:20 UTC,BTC:LONG:20;ETH:LONG:20;BNB:LONG:15;ADA:SHORT:10;XRP:SHORT:10;LTC:SHORT:10
16/11/2024,11:31,- BTC Long x20- ETH Long x20- TRX Short x10- GRT Short x10- ADA Short x10- SUI Long x10⚠️,BTC:LONG:20;ETH:LONG:20;TRX:LONG:20;GRT:LONG:20;ADA:SHORT:10;SUI:SHORT:10,2024-11-30 18:09:20 UTC,BTC:LONG:20;ETH:LONG:20;TRX:SHORT:10;GRT:SHORT:10;ADA:SHORT:10;SUI:LONG:10
16/11/2024,14:31,**- **BTCUSDT** - Long - x20 Leverage- **ETHUSDT** - Long - x20 Leverage- **SOLUSDT** - Long - x10 Leverage- **XRPUSDT** - Short - x10 Leverage- **TRXUSDT** - Short - x10 Leverage- **UNIUSDT** - Short - x10 Leverage⚠️ **,BTC:LONG:20;ETH:LONG:20;SOL:LONG:20;XRP:LONG:10;TRX:SHORT:10;UNI:SHORT:10,2024-11-30 18:09:20 UTC,BTC:LONG:20;ETH:LONG:20;SOL:LONG:10;XRP:SHORT:10;TRX:SHORT:10;UNI:SHORT:10
16/11/2024,17:31,- Long Bitcoin (BTC) - Leverage x20- Long Ethereum (ETH) - Leverage x20- Long Binance Coin (BNB) - Leverage x15- Short Dogecoin (DOGE) - Leverage x10- Short Shiba Inu (SHIB) - Leverage x10- Short Litecoin (LTC) - Leverage x10⚠️,BTC:LONG:20;ETH:LONG:20;BNB:LONG:20;DOGE:SHORT:15;1000SHIB:SHORT:10;LTC:SHORT:100,2024-11-30 18:09:20 UTC,BTC:LONG:20;ETH:LONG:20;BNB:LONG:15;DOGE:SHORT:10;SHIB:SHORT:10;LTC:SHORT:10
16/11/2024,20:31,- Long Bitcoin (BTC): Leverage x20- Long Ethereum (ETH): Leverage x20- Long Ripple (XRP): Leverage x10- Short TON (TONUSDT): Leverage x10- Short TRON (TRXUSDT): Leverage x15- Short Cardano (ADAUSDT): Leverage x10⚠️,BTC:LONG:20;ETH:LONG:20;XRP:LONG:20;TON:SHORT:10;TRX:SHORT:10;ADA:SHORT:15,2024-11-30 18:09:20 UTC,BTC:LONG:20;ETH:LONG:20;XRP:LONG:10;TON:SHORT:10;TRX:SHORT:15;ADA:SHORT:10
16/11/2024,23:31,**- **Long Trades**:  - ETH (Long) - Leverage x20  - ADA (Long) - Leverage x10  - ICP (Long) - Leverage x15- **Short Trades**:  - XRP (Short) - Leverage x10  - UNI (Short) - Leverage x10  - GRT (Short) - Leverage x10⚠️ **,ETH:LONG:20;ADA:LONG:20;ICP:LONG:20;XRP:LONG:15;UNI:SHORT:10;GRT:SHORT:10,2024-11-30 18:09:20 UTC,ETH:LONG:20;ADA:LONG:10;ICP:LONG:15;XRP:SHORT:10;UNI:SHORT:10;GRT:SHORT:10
17/11/2024,02:31,**1. AVAX - Long x102. TAO - Long x103. ICP - Long x154. BNB - Short x105. ETH - Short x206. SOL - Short x15---⚠️ **,AVAX:LONG:1;TAO:LONG:1;ICP:LONG:10;BNB:LONG:10;ETH:LONG:15;SOL:SHORT:10,2024-11-30 18:09:20 UTC,AVAX:LONG:10;TAO:LONG:10;ICP:LONG:15;BNB:SHORT:10;ETH:SHORT:20;SOL:SHORT:15
17/11/2024,05:31,- Long ETH x20- Long SOL x15- Long 1000SHIB x10- Short BNB x15- Short LTC x10- Short ICP x10⚠️,ETH:LONG:20;SOL:LONG:20;1000SHIB:LONG:20;BNB:LONG:15;LTC:SHORT:10;ICP:SHORT:15,2024-11-30 18:09:20 UTC,ETH:LONG:20;SOL:LONG:15;SHIB:LONG:10;BNB:SHORT:15;LTC:SHORT:10;ICP:SHORT:10
17/11/2024,08:31,1. Bitcoin (BTC) - Long x202. Ethereum (ETH) - Long x203. Cardano (ADA) - Long x104. Avalanche (AVAX) - Short x105. Ripple (XRP) - Short x106. Internet Computer (ICP) - Short x10---⚠️,BTC:LONG:1;ETH:LONG:1;ETH:LONG:20;ADA:LONG:20;ADA:LONG:20;AVAX:LONG:10;XRP:SHORT:10;XRP:SHORT:10;ICP:SHORT:10,2024-11-30 18:09:20 UTC,BTC:LONG:20;ETH:LONG:20;ADA:LONG:10;AVAX:SHORT:10;XRP:SHORT:10;ICP:SHORT:10
17/11/2024,11:31,**- **Long Trades:**  - ADA - Long x10  - ETH - Long x20  - XRP - Long x15- **Short Trades:**  - FTM - Short x10  - DOGE - Short x10  - SHIB - Short x10⚠️ **,ADA:LONG:10;ETH:LONG:10;XRP:LONG:10;FTM:LONG:15;DOGE:SHORT:10;1000SHIB:SHORT:10,2024-11-30 18:09:20 UTC,ADA:LONG:10;ETH:LONG:20;XRP:LONG:15;FTM:SHORT:10;DOGE:SHORT:10;SHIB:SHORT:10
17/11/2024,14:31,- Long ETH x20- Long LINK x15- Long TON x10- Short FTM x10- Short ADA x10- Short AVAX x15⚠️,ETH:LONG:20;TON:LONG:20;FTM:LONG:15;ADA:SHORT:10;AVAX:SHORT:10,2024-11-30 18:09:20 UTC,ETH:LONG:20;LINK:LONG:15;TON:LONG:10;FTM:SHORT:10;ADA:SHORT:10;AVAX:SHORT:15
17/11/2024,17:31,- Long BTC x20- Long ETH x20- Long TRX x15- Short ADA x10- Short GRT x10- Short DOGE x10⚠️,BTC:LONG:20;ETH:LONG:20;TRX:LONG:20;ADA:LONG:20;GRT:SHORT:15;DOGE:SHORT:10,2024-11-30 18:09:20 UTC,BTC:LONG:20;ETH:LONG:20;TRX:LONG:15;ADA:SHORT:10;GRT:SHORT:10;DOGE:SHORT:10
17/11/2024,20:31,**1. Long AVAX - Leverage x152. Long TRX - Leverage x103. Long ADA - Leverage x104. Short XRP - Leverage x105. Short SUI - Leverage x106. Short LTC - Leverage x10⚠️ **,AVAX:LONG:1;TRX:LONG:15;ADA:LONG:10;XRP:LONG:10;SUI:SHORT:10;LTC:SHORT:10,2024-11-30 18:09:20 UTC,AVAX:LONG:15;TRX:LONG:10;ADA:LONG:10;XRP:SHORT:10;SUI:SHORT:10;LTC:SHORT:10
17/11/2024,23:31,"**1. ADA - Long, x152. SUI - Long, x103. XRP - Long, x104. SOL - Short, x105. TRX - Short, x106. DOGE - Short, x10⚠️ **",ADA:LONG:1;SUI:LONG:1;XRP:LONG:15;SOL:LONG:10;TRX:LONG:10;DOGE:SHORT:10,2024-11-30 18:09:20 UTC,ADA:LONG:15;SUI:LONG:10;XRP:LONG:10;SOL:SHORT:10;TRX:SHORT:10;DOGE:SHORT:10
18/11/2024,02:31,1. BTC - Long x202. ETH - Long x203. FTM - Long x104. TRX - Short x105. ICP - Short x106. LTC - Short x15⚠️,BTC:LONG:1;ETH:LONG:1;FTM:LONG:20;TRX:LONG:20;ICP:LONG:10;LTC:SHORT:10,2024-11-30 18:09:20 UTC,BTC:LONG:20;ETH:LONG:20;FTM:LONG:10;TRX:SHORT:10;ICP:SHORT:10;LTC:SHORT:15
18/11/2024,05:31,- Long BTC x20- Long ETH x20- Short TAO x10- Short LTC x10- Long TRX x15- Short TON x10⚠️,BTC:LONG:20;ETH:LONG:20;TAO:LONG:20;LTC:SHORT:20;TRX:SHORT:10;TON:LONG:10,2024-11-30 18:09:20 UTC,BTC:LONG:20;ETH:LONG:20;TAO:SHORT:10;LTC:SHORT:10;TRX:LONG:15;TON:SHORT:10
18/11/2024,08:31,**1. BTC - Short x202. ETH - Long x203. DOGE - Short x104. SHIBA - Long x105. SUI - Short x106. GRT - Long x15⚠️ **,BTC:SHORT:1;ETH:SHORT:1;DOGE:SHORT:20;SUI:SHORT:10;GRT:LONG:10,2024-11-30 18:09:20 UTC,BTC:SHORT:20;ETH:LONG:20;DOGE:SHORT:10;SHIBA:LONG:10;SUI:SHORT:10;GRT:LONG:15
18/11/2024,11:31,"**- **BTCUSDT: Long, x20 Leverage**- **ETHUSDT: Long, x20 Leverage**- **TONUSDT: Long, x15 Leverage**- **LINKUSDT: Short, x10 Leverage**- **SOLUSDT: Short, x10 Leverage**- **ADAUSDT: Short, x10 Leverage**⚠️ **",BTC:LONG:20;ETH:LONG:20;TON:LONG:20;SOL:SHORT:10;ADA:SHORT:10,2024-11-30 18:09:20 UTC,BTC:LONG:20;ETH:LONG:20;TON:LONG:15;LINK:SHORT:10;SOL:SHORT:10;ADA:SHORT:10
18/11/2024,14:31,- Long BTC x20- Long TRX x10- Long UNI x15- Short SUI x10- Short SOL x10- Short ADA x10⚠️,BTC:LONG:20;TRX:LONG:20;UNI:LONG:20;SUI:LONG:10;SOL:SHORT:15;ADA:SHORT:10,2024-11-30 18:09:20 UTC,BTC:LONG:20;TRX:LONG:10;UNI:LONG:15;SUI:SHORT:10;SOL:SHORT:10;ADA:SHORT:10
18/11/2024,17:31,- Long TAOUSDT x10- Long ADAUSDT x10- Long AVAXUSDT x15- Short XRPUSDT x10- Short TRXUSDT x10- Short DOGEUSDT x10⚠️,TAO:LONG:10;ADA:LONG:10;AVAX:LONG:10;XRP:LONG:10;TRX:SHORT:15;DOGE:SHORT:10,2024-11-30 18:09:20 UTC,TAO:LONG:10;ADA:LONG:10;AVAX:LONG:15;XRP:SHORT:10;TRX:SHORT:10;DOGE:SHORT:10
18/11/2024,20:31,1. BTC - Short - x202. ETH - Long - x203. XRP - Long - x154. DOGE - Short - x105. ICP - Short - x106. ADA - Long - x15⚠️,BTC:SHORT:1;ETH:SHORT:1;XRP:SHORT:20;DOGE:LONG:20;ICP:LONG:15;ADA:SHORT:10,2024-11-30 18:09:20 UTC,BTC:SHORT:20;ETH:LONG:20;XRP:LONG:15;DOGE:SHORT:10;ICP:SHORT:10;ADA:LONG:15
18/11/2024,23:31,- Long Bitcoin (BTCUSDT) x20- Short Graph Token (GRTUSDT) x10- Long Toncoin (TONUSDT) x15- Short Internet Computer (ICPUSDT) x10- Long Cardano (ADAUSDT) x15- Short Litecoin (LTCUSDT) x10⚠️,BTC:LONG:20;GRT:SHORT:20;TON:LONG:10;ICP:SHORT:15;ADA:LONG:10;LTC:LONG:15;LTC:SHORT:15,2024-11-30 18:09:20 UTC,BTC:LONG:20;GRT:SHORT:10;TON:LONG:15;ICP:SHORT:10;ADA:LONG:15;LTC:SHORT:10
19/11/2024,02:31,"1. LTC - Long, x102. ETH - Long, x203. BNB - Long, x154. XRP - Short, x105. ICP - Short, x106. STX - Short, x10⚠️",LTC:LONG:1;ETH:LONG:1;BNB:LONG:10;XRP:LONG:20;ICP:LONG:15;STX:SHORT:10,2024-11-30 18:09:20 UTC,LTC:LONG:10;ETH:LONG:20;BNB:LONG:15;XRP:SHORT:10;ICP:SHORT:10;STX:SHORT:10
19/11/2024,05:31,1. SOLUSDT Long x102. 1000SHIBUSDT Long x103. ICPUSDT Long x104. TRXUSDT Short x155. AVAXUSDT Short x156. ADAUSDT Short x15⚠️,SOL:LONG:1;1000SHIB:LONG:1;ICP:LONG:10;TRX:LONG:10;AVAX:LONG:10;ADA:SHORT:15,2024-11-30 18:09:20 UTC,SOL:LONG:10;SHIB:LONG:10;ICP:LONG:10;TRX:SHORT:15;AVAX:SHORT:15;ADA:SHORT:15
19/11/2024,08:31,"**- BTCUSDT: Long, Leverage x20- ETHUSDT: Short, Leverage x20- GRTUSDT: Long, Leverage x10- ADAUSDT: Short, Leverage x15- UNIUSDT: Long, Leverage x10- AVAXUSDT: Short, Leverage x15⚠️ **",BTC:LONG:20;ETH:LONG:20;GRT:SHORT:20;ADA:LONG:20;UNI:SHORT:10;AVAX:LONG:15,2024-11-30 18:09:20 UTC,BTC:LONG:20;ETH:SHORT:20;GRT:LONG:10;ADA:SHORT:15;UNI:LONG:10;AVAX:SHORT:15
19/11/2024,11:31,**- **Long**:   1. BTC - x20 Leverage    2. ETH - x20 Leverage    3. LINK - x15 Leverage  - **Short**:   1. TON - x10 Leverage    2. TRX - x10 Leverage    3. ICP - x10 Leverage  ⚠️ **,BTC:LONG:1;TON:SHORT:15,2024-11-30 18:09:20 UTC,BTC:LONG:20;ETH:LONG:20;LINK:LONG:15;TON:SHORT:10;TRX:SHORT:10;ICP:SHORT:10
